{
    "fixtures": [
        {
            "perPointDuration": false,
            "points": [
                {
                    "duration": 1,
                    "point": {
                        "x": 1029.5,
                        "y": 58.95648,
                        "z": 1020.5
                    },
                    "angle": {
                        "yaw": -1.3726715,
                        "pitch": 0.0,
                        "roll": 0.0,
                        "fov": 70.0
                    }
                }
            ],
            "useSpeed": false,
            "speed": {
                "keyframes": [
                    {
                        "tick": 0,
                        "value": 1.0,
                        "interp": "LINEAR",
                        "easing": "IN",
                        "rx": 5.0,
                        "ry": 0.0,
                        "lx": 5.0,
                        "ly": 0.0
                    }
                ]
            },
            "duration": 60,
            "name": "",
            "modifiers": [],
            "type": "path",
            "interpolation": "linear",
            "interpolationAngle": "linear"
        }
    ]
}