{
  "minecraft:recipes/transportation/acacia_boat": {
    "criteria": {
      "entered_water": "2021-06-13 01:32:56 +0800"
    },
    "done": true
  },
  "minecraft:recipes/transportation/dark_oak_boat": {
    "criteria": {
      "entered_water": "2021-06-13 01:32:56 +0800"
    },
    "done": true
  },
  "minecraft:recipes/transportation/birch_boat": {
    "criteria": {
      "entered_water": "2021-06-13 01:32:56 +0800"
    },
    "done": true
  },
  "minecraft:recipes/transportation/boat": {
    "criteria": {
      "entered_water": "2021-06-13 01:32:56 +0800"
    },
    "done": true
  },
  "minecraft:recipes/transportation/jungle_boat": {
    "criteria": {
      "entered_water": "2021-06-13 01:32:56 +0800"
    },
    "done": true
  },
  "minecraft:recipes/transportation/spruce_boat": {
    "criteria": {
      "entered_water": "2021-06-13 01:32:56 +0800"
    },
    "done": true
  },
  "minecraft:adventure/adventuring_time": {
    "criteria": {
      "ice_flats": "2021-06-13 01:33:21 +0800",
      "deep_ocean": "2021-06-13 01:34:00 +0800",
      "mesa": "2021-06-13 01:34:39 +0800",
      "plains": "2021-06-13 01:33:19 +0800",
      "ocean": "2021-06-13 01:32:56 +0800",
      "river": "2021-06-13 01:33:18 +0800"
    },
    "done": false
  }
}