{
    "fixtures": [
        {
            "position": {
                "point": {
                    "x": 652.3241326163495,
                    "y": 149.3702364497241,
                    "z": 701.1888482679921
                },
                "angle": {
                    "yaw": -72.75162,
                    "pitch": -7.986436,
                    "roll": 0.0,
                    "fov": 70.0
                }
            },
            "duration": 3000,
            "name": "",
            "modifiers": [],
            "type": "idle"
        }
    ]
}