{
    "fixtures": [
        {
            "perPointDuration": false,
            "points": [
                {
                    "duration": 1,
                    "point": {
                        "x": 252.28399658203125,
                        "y": 42.92599868774414,
                        "z": 1397.031982421875
                    },
                    "angle": {
                        "yaw": 201.22115,
                        "pitch": 18.621101,
                        "roll": 0.0,
                        "fov": 70.0
                    }
                },
                {
                    "duration": 1,
                    "point": {
                        "x": 246.70700073242188,
                        "y": 43.22048463202519,
                        "z": 1351.0670166015625
                    },
                    "angle": {
                        "yaw": 210.89224,
                        "pitch": 17.248426,
                        "roll": 0.0,
                        "fov": 70.0
                    }
                },
                {
                    "duration": 1,
                    "point": {
                        "x": 249.546680663703,
                        "y": 65.66249988553791,
                        "z": 1312.2655638761944
                    },
                    "angle": {
                        "yaw": 230.015,
                        "pitch": 21.246237,
                        "roll": 0.0,
                        "fov": 70.0
                    }
                }
            ],
            "useSpeed": false,
            "speed": {
                "keyframes": [
                    {
                        "tick": 0,
                        "value": 1.0,
                        "interp": "LINEAR",
                        "easing": "IN",
                        "rx": 5.0,
                        "ry": 0.0,
                        "lx": 5.0,
                        "ly": 0.0
                    }
                ]
            },
            "duration": 300,
            "name": "",
            "modifiers": [],
            "type": "path",
            "interpolation": "cubic",
            "interpolationAngle": "cubic"
        }
    ]
}