{"stats":{"minecraft:custom":{"minecraft:jump":17,"minecraft:time_since_rest":16392,"minecraft:crouch_one_cm":177,"minecraft:leave_game":3,"minecraft:sprint_one_cm":3044,"minecraft:play_time":16392,"minecraft:time_since_death":16392,"minecraft:walk_on_water_one_cm":1319,"minecraft:walk_one_cm":2727,"minecraft:sneak_time":751,"minecraft:total_world_time":18192,"minecraft:fly_one_cm":671806},"minecraft:used":{"minecraft:gravel":7,"minecraft:grass_block":1},"minecraft:picked_up":{"minecraft:oak_sign":3}},"DataVersion":3120}