{"stat.chestOpened":1,"stat.pickup.minecraft.bone":24,"stat.leaveGame":2,"stat.pickup.minecraft.crafting_table":1,"stat.pickup.minecraft.diamond_shovel":1,"stat.pickup.minecraft.obsidian":15,"stat.flyOneCm":792067,"stat.pickup.minecraft.water_bucket":1,"stat.pickup.minecraft.brown_mushroom":64,"stat.jump":1,"stat.playOneMinute":16898,"stat.pickup.minecraft.coal":13,"stat.pickup.minecraft.torch":44,"stat.pickup.minecraft.cactus":10,"stat.sneakTime":807,"stat.timeSinceDeath":16898,"stat.pickup.minecraft.sapling":95,"stat.pickup.minecraft.red_mushroom":15}