{
  "minecraft:recipes/transportation/acacia_boat": {
    "criteria": {
      "entered_water": "2021-06-13 01:13:52 +0800"
    },
    "done": true
  },
  "minecraft:recipes/transportation/dark_oak_boat": {
    "criteria": {
      "entered_water": "2021-06-13 01:13:52 +0800"
    },
    "done": true
  },
  "minecraft:recipes/transportation/birch_boat": {
    "criteria": {
      "entered_water": "2021-06-13 01:13:52 +0800"
    },
    "done": true
  },
  "minecraft:recipes/transportation/boat": {
    "criteria": {
      "entered_water": "2021-06-13 01:13:52 +0800"
    },
    "done": true
  },
  "minecraft:recipes/transportation/jungle_boat": {
    "criteria": {
      "entered_water": "2021-06-13 01:13:52 +0800"
    },
    "done": true
  },
  "minecraft:recipes/transportation/spruce_boat": {
    "criteria": {
      "entered_water": "2021-06-13 01:13:52 +0800"
    },
    "done": true
  },
  "minecraft:adventure/adventuring_time": {
    "criteria": {
      "ice_flats": "2021-06-13 01:20:33 +0800",
      "mesa": "2021-06-13 01:20:34 +0800",
      "plains": "2021-06-13 01:18:24 +0800",
      "ocean": "2021-06-13 01:13:52 +0800",
      "river": "2021-06-13 01:18:20 +0800"
    },
    "done": false
  }
}